{
    "$schema": "https://schema.management.azure.com/schemas/2015-01-01/deploymentParameters.json#",
    "contentVersion": "1.0.0.0",
    "parameters": {
        "subscriptions_65dc3946cbc431006c070001_displayName": {
            "value": null
        },
        "subscriptions_65dc3946cbc431006c070002_displayName": {
            "value": null
        },
        "users_1_lastName": {
            "value": null
        },
        "operations_delete_deleteorder_type": {
            "value": null
        },
        "operations_get_getorder_type": {
            "value": null
        },
        "operations_post_completeorder_type": {
            "value": null
        },
        "operations_post_processorder_type": {
            "value": null
        },
        "operations_put_updateorder_type": {
            "value": null
        },
        "subscriptions_65d82a4cfc13ba0046070001_displayName": {
            "value": null
        },
        "subscriptions_65d82a4cfc13ba0046070002_displayName": {
            "value": null
        },
        "subscriptions_65d855e94634611bc8ae6b26_displayName": {
            "value": null
        },
        "users_1_lastName_1": {
            "value": null
        },
        "subscriptions_65db26bbcbc4310054070001_displayName": {
            "value": null
        },
        "subscriptions_65db26bccbc4310054070002_displayName": {
            "value": null
        },
        "users_1_lastName_2": {
            "value": null
        },
        "vulnerabilityAssessments_Default_storageContainerPath": {
            "value": null
        },
        "connections_teams_name": {
            "value": null
        },
        "connections_teams_1_name": {
            "value": null
        },
        "connections_teams_2_name": {
            "value": null
        },
        "Clusters_ipaasdemo_name": {
            "value": null
        },
        "connections_acsemail_name": {
            "value": null
        },
        "connections_acsemail_1_name": {
            "value": null
        },
        "connections_azuretables_name": {
            "value": null
        },
        "virtualNetworks_vnet1_name": {
            "value": null
        },
        "connections_azuretables_1_name": {
            "value": null
        },
        "connections_azuretables_2_name": {
            "value": null
        },
        "vaults_Testapim_valut_name": {
            "value": null
        },
        "publicIPAddresses_pip2_name": {
            "value": null
        },
        "sites_Order_Functions_Demo_name": {
            "value": null
        },
        "service_apim12345_name": {
            "value": null
        },
        "spaces_iedemo_name": {
            "value": null
        },
        "serverfarms_ASP_sharad_bbcd_name": {
            "value": null
        },
        "components_demoinsights_name": {
            "value": null
        },
        "serverfarms_CentralIndiaPlan_name": {
            "value": null
        },
        "service_Orders_Demo_name": {
            "value": null
        },
        "privateDnsZones_ipaas_edu_name": {
            "value": null
        },
        "publicIPAddresses_apim_ip_name": {
            "value": null
        },
        "virtualNetworks_vnet_test_name": {
            "value": null
        },
        "networkSecurityGroups_nsg1_name": {
            "value": null
        },
        "storageAccounts_sharad8d76_name": {
            "value": null
        },
        "storageAccounts_sharadab1f_name": {
            "value": null
        },
        "storageAccounts_sharadb026_name": {
            "value": null
        },
        "virtualMachines_iPaaSDemoVM_name": {
            "value": null
        },
        "networkSecurityGroups_gwnsg_name": {
            "value": null
        },
        "workspaces_batchdatasynch_ws_name": {
            "value": null
        },
        "sites_order_management_approvals_name": {
            "value": null
        },
        "privateDnsZones_azure_api_net_name": {
            "value": null
        },
        "networkSecurityGroups_Test_nsg_name": {
            "value": null
        },
        "namespaces_sonatapubsubdemo_name": {
            "value": null
        },
        "storageAccounts_batchdatasynch_name": {
            "value": null
        },
        "publicIPAddresses_apim_test_pip_name": {
            "value": null
        },
        "networkInterfaces_ipaasdemovm771_name": {
            "value": null
        },
        "publicIPAddresses_iPaaSDemoVM_ip_name": {
            "value": null
        },
        "sites_OrderApplication20240223214001_name": {
            "value": null
        },
        "storageAccounts_sonatademostorage_name": {
            "value": null
        },
        "publicIPAddresses_test_apim_VN_pip_name": {
            "value": null
        },
        "storageAccounts_testdatafactory123_name": {
            "value": null
        },
        "applicationGateways_test_appgateway_name": {
            "value": null
        },
        "service_SonataDemoAPIMInternal_name": {
            "value": null
        },
        "virtualNetworks_iPaaSDemoBackendVNet_name": {
            "value": null
        },
        "components_order_management_approvals_name": {
            "value": null
        },
        "emailServices_Hastings_Deering_Email_name": {
            "value": null
        },
        "workflows_Process_Claim_With_Manual_Approval_name": {
            "value": null
        },
        "serverfarms_OrderApplication20240223214001Plan_name": {
            "value": null
        },
        "dashboards_37eca53d_1f29_46ed_a493_ba4f7920f449_name": {
            "value": null
        },
        "CommunicationServices_Hastings_Deerings_ACS_name": {
            "value": null
        },
        "ApplicationGatewayWebApplicationFirewallPolicies_WAFPolicy_name": {
            "value": null
        },
        "networkSecurityGroups_apimnsgknnxbgxyncvtcInternalSonataAPIM_name": {
            "value": null
        },
        "smartdetectoralertrules_failure_anomalies___demoinsights_name": {
            "value": null
        },
        "systemTopics_batchdatasynch_568784da_696c_4cbd_b347_d578634ec157_name": {
            "value": null
        },
        "smartdetectoralertrules_failure_anomalies___order_management_approvals_name": {
            "value": null
        },
        "actiongroups_application_insights_smart_detection_externalid": {
            "value": null
        },
        "workspaces_DefaultWorkspace_489311d0_1d2f_45b2_a2d0_0cf9c09c85f6_EA_externalid": {
            "value": null
        },
        "workspaces_DefaultWorkspace_489311d0_1d2f_45b2_a2d0_0cf9c09c85f6_CID_externalid": {
            "value": null
        }
    }
}